[{"model": "locations.district", "pk": 1, "fields": {"name": "Агрызский", "administrative_center": 1}}, {"model": "locations.district", "pk": 2, "fields": {"name": "Азнакаевский", "administrative_center": 2}}, {"model": "locations.district", "pk": 3, "fields": {"name": "Аксубаевский", "administrative_center": 3}}, {"model": "locations.district", "pk": 4, "fields": {"name": "Актанышский", "administrative_center": 4}}, {"model": "locations.district", "pk": 5, "fields": {"name": "Алексеевский", "administrative_center": 5}}, {"model": "locations.district", "pk": 6, "fields": {"name": "Алькеевский", "administrative_center": 6}}, {"model": "locations.district", "pk": 7, "fields": {"name": "Альметьевский", "administrative_center": 7}}, {"model": "locations.district", "pk": 8, "fields": {"name": "Апастовский", "administrative_center": 8}}, {"model": "locations.district", "pk": 9, "fields": {"name": "Арский", "administrative_center": 9}}, {"model": "locations.district", "pk": 10, "fields": {"name": "Атнинский", "administrative_center": 10}}, {"model": "locations.district", "pk": 11, "fields": {"name": "Бавлинский", "administrative_center": 11}}, {"model": "locations.district", "pk": 12, "fields": {"name": "Балтасинский", "administrative_center": 12}}, {"model": "locations.district", "pk": 13, "fields": {"name": "Бугульминский", "administrative_center": 13}}, {"model": "locations.district", "pk": 14, "fields": {"name": "Буинский", "administrative_center": 14}}, {"model": "locations.district", "pk": 15, "fields": {"name": "Верхнеуслонский", "administrative_center": 15}}, {"model": "locations.district", "pk": 16, "fields": {"name": "Высокогорский", "administrative_center": 16}}, {"model": "locations.district", "pk": 17, "fields": {"name": "Дрожжановский", "administrative_center": 17}}, {"model": "locations.district", "pk": 18, "fields": {"name": "Елабужский", "administrative_center": 18}}, {"model": "locations.district", "pk": 19, "fields": {"name": "Заинский", "administrative_center": 19}}, {"model": "locations.district", "pk": 20, "fields": {"name": "Зеленодольский", "administrative_center": 20}}, {"model": "locations.district", "pk": 21, "fields": {"name": "Кайбицкий", "administrative_center": 21}}, {"model": "locations.district", "pk": 22, "fields": {"name": "Камско-Устьинский", "administrative_center": 22}}, {"model": "locations.district", "pk": 23, "fields": {"name": "Кукморский", "administrative_center": 23}}, {"model": "locations.district", "pk": 24, "fields": {"name": "Лаишевский", "administrative_center": 24}}, {"model": "locations.district", "pk": 25, "fields": {"name": "Лениногорский", "administrative_center": 25}}, {"model": "locations.district", "pk": 26, "fields": {"name": "Мамадышский", "administrative_center": 26}}, {"model": "locations.district", "pk": 27, "fields": {"name": "Менделеевский", "administrative_center": 27}}, {"model": "locations.district", "pk": 28, "fields": {"name": "Мензелинский", "administrative_center": 28}}, {"model": "locations.district", "pk": 29, "fields": {"name": "Муслюмовский", "administrative_center": 29}}, {"model": "locations.district", "pk": 30, "fields": {"name": "Нижнекамский", "administrative_center": 30}}, {"model": "locations.district", "pk": 31, "fields": {"name": "Новошешминский", "administrative_center": 31}}, {"model": "locations.district", "pk": 32, "fields": {"name": "Нурлатский", "administrative_center": 32}}, {"model": "locations.district", "pk": 33, "fields": {"name": "Пестречинский", "administrative_center": 33}}, {"model": "locations.district", "pk": 34, "fields": {"name": "Рыбно-Слободский", "administrative_center": 34}}, {"model": "locations.district", "pk": 35, "fields": {"name": "Сабинский", "administrative_center": 35}}, {"model": "locations.district", "pk": 36, "fields": {"name": "Сармановский", "administrative_center": 36}}, {"model": "locations.district", "pk": 37, "fields": {"name": "Спасский", "administrative_center": 37}}, {"model": "locations.district", "pk": 38, "fields": {"name": "Тетюшский", "administrative_center": 38}}, {"model": "locations.district", "pk": 39, "fields": {"name": "Тукаевский", "administrative_center": 45}}, {"model": "locations.district", "pk": 40, "fields": {"name": "Тюлячинский", "administrative_center": 40}}, {"model": "locations.district", "pk": 41, "fields": {"name": "Черемшанский", "administrative_center": 41}}, {"model": "locations.district", "pk": 42, "fields": {"name": "Чистопольский", "administrative_center": 42}}, {"model": "locations.district", "pk": 43, "fields": {"name": "Ютазинский", "administrative_center": 43}}, {"model": "locations.settlement", "pk": 1, "fields": {"name": "Агрыз", "district": 1, "type": "city"}}, {"model": "locations.settlement", "pk": 2, "fields": {"name": "Азнакаево", "district": 2, "type": "city"}}, {"model": "locations.settlement", "pk": 3, "fields": {"name": "Аксубаево", "district": 3, "type": "town"}}, {"model": "locations.settlement", "pk": 4, "fields": {"name": "Актаныш", "district": 4, "type": "village"}}, {"model": "locations.settlement", "pk": 5, "fields": {"name": "Алексеевское", "district": 5, "type": "town"}}, {"model": "locations.settlement", "pk": 6, "fields": {"name": "Базарные Матаки", "district": 6, "type": "village"}}, {"model": "locations.settlement", "pk": 7, "fields": {"name": "Альметьевск", "district": 7, "type": "city"}}, {"model": "locations.settlement", "pk": 8, "fields": {"name": "Апастово", "district": 8, "type": "town"}}, {"model": "locations.settlement", "pk": 9, "fields": {"name": "Арск", "district": 9, "type": "town"}}, {"model": "locations.settlement", "pk": 10, "fields": {"name": "Большая Атня", "district": 10, "type": "village"}}, {"model": "locations.settlement", "pk": 11, "fields": {"name": "Бавлы", "district": 11, "type": "city"}}, {"model": "locations.settlement", "pk": 12, "fields": {"name": "Балтаси", "district": 12, "type": "town"}}, {"model": "locations.settlement", "pk": 13, "fields": {"name": "Бугульма", "district": 13, "type": "city"}}, {"model": "locations.settlement", "pk": 14, "fields": {"name": "Буинск", "district": 14, "type": "city"}}, {"model": "locations.settlement", "pk": 15, "fields": {"name": "Верхний Услон", "district": 15, "type": "village"}}, {"model": "locations.settlement", "pk": 16, "fields": {"name": "Высокая Гора", "district": 16, "type": "village"}}, {"model": "locations.settlement", "pk": 17, "fields": {"name": "Старое Дрожжаное", "district": 17, "type": "village"}}, {"model": "locations.settlement", "pk": 18, "fields": {"name": "Елабуга", "district": 18, "type": "city"}}, {"model": "locations.settlement", "pk": 19, "fields": {"name": "Заинск", "district": 19, "type": "city"}}, {"model": "locations.settlement", "pk": 20, "fields": {"name": "Зеленодольск", "district": 20, "type": "city"}}, {"model": "locations.settlement", "pk": 21, "fields": {"name": "Большие Кайбицы", "district": 21, "type": "village"}}, {"model": "locations.settlement", "pk": 22, "fields": {"name": "Камское Устье", "district": 22, "type": "town"}}, {"model": "locations.settlement", "pk": 23, "fields": {"name": "Кукмор", "district": 23, "type": "town"}}, {"model": "locations.settlement", "pk": 24, "fields": {"name": "Лаишево", "district": 24, "type": "town"}}, {"model": "locations.settlement", "pk": 25, "fields": {"name": "Лениногорск", "district": 25, "type": "city"}}, {"model": "locations.settlement", "pk": 26, "fields": {"name": "Мамадыш", "district": 26, "type": "city"}}, {"model": "locations.settlement", "pk": 27, "fields": {"name": "Менделеевск", "district": 27, "type": "city"}}, {"model": "locations.settlement", "pk": 28, "fields": {"name": "Мензелинск", "district": 28, "type": "city"}}, {"model": "locations.settlement", "pk": 29, "fields": {"name": "Муслюмово", "district": 29, "type": "village"}}, {"model": "locations.settlement", "pk": 30, "fields": {"name": "Нижнекамск", "district": 30, "type": "city"}}, {"model": "locations.settlement", "pk": 31, "fields": {"name": "Новошешминск", "district": 31, "type": "village"}}, {"model": "locations.settlement", "pk": 32, "fields": {"name": "Нурлат", "district": 32, "type": "city"}}, {"model": "locations.settlement", "pk": 33, "fields": {"name": "Пестрецы", "district": 33, "type": "village"}}, {"model": "locations.settlement", "pk": 34, "fields": {"name": "Рыбная Слобода", "district": 34, "type": "village"}}, {"model": "locations.settlement", "pk": 35, "fields": {"name": "Богатые Сабы", "district": 35, "type": "town"}}, {"model": "locations.settlement", "pk": 36, "fields": {"name": "Сарманово", "district": 36, "type": "village"}}, {"model": "locations.settlement", "pk": 37, "fields": {"name": "Болгар", "district": 37, "type": "town"}}, {"model": "locations.settlement", "pk": 38, "fields": {"name": "Тетюши", "district": 38, "type": "city"}}, {"model": "locations.settlement", "pk": 40, "fields": {"name": "Тюлячи", "district": 40, "type": "village"}}, {"model": "locations.settlement", "pk": 41, "fields": {"name": "Черемшан", "district": 41, "type": "village"}}, {"model": "locations.settlement", "pk": 42, "fields": {"name": "Чистополь", "district": 42, "type": "city"}}, {"model": "locations.settlement", "pk": 43, "fields": {"name": "Уруссу", "district": 43, "type": "town"}}, {"model": "locations.settlement", "pk": 44, "fields": {"name": "Казань", "district": null, "type": "city"}}, {"model": "locations.settlement", "pk": 45, "fields": {"name": "Набережные Челны", "district": null, "type": "city"}}, {"model": "accounts.user", "pk": 1, "fields": {"password": "pbkdf2_sha256$870000$uvkzPcgOFOwT2Pukgy6clj$PkE09n7gOtaR72+UTHZgN5sZ2PEV8LrXGoHOSx8WApc=", "last_login": "2025-05-03T16:00:36.485Z", "is_superuser": true, "first_name": "", "last_name": "", "is_staff": true, "is_active": true, "date_joined": "2025-04-01T08:39:31.875Z", "email": "admin@admin.admin", "groups": [], "user_permissions": []}}, {"model": "news.news", "pk": 1, "fields": {"title": "В Казани открылся новый туристический маршрут по историческому центру", "image": "news_images/i_2.webp", "description": "Новый пешеходный маршрут включает в себя 15 исторических объектов и рассказывает о богатой истории Казани", "content": "<p>В столице Татарстана запущен новый туристический маршрут, который позволит гостям города познакомиться с его богатой историей. Маршрут включает в себя 15 исторических объектов, среди которых Казанский Кремль, мечеть Кул-Шариф, Благовещенский собор и другие знаковые места.</p><p>Экскурсии проводятся на русском, татарском и английском языках. Стоимость билета составляет 500 рублей для взрослых и 300 рублей для детей.</p>", "created_at": "2024-03-15T10:00:00Z", "created_by": 1}}, {"model": "news.news", "pk": 2, "fields": {"title": "В Елабуге стартовал фестиваль народных промыслов", "image": "news_images/i_3.webp", "description": "Традиционный фестиваль собрал мастеров со всей республики", "content": "<p>В историческом городе Елабуга начался ежегодный фестиваль народных промыслов. В этом году в мероприятии принимают участие более 100 мастеров из разных районов Татарстана.</p><p>Гости фестиваля могут не только приобрести уникальные изделия ручной работы, но и принять участие в мастер-классах по традиционным ремеслам.</p>", "created_at": "2024-03-14T15:30:00Z", "created_by": 1}}, {"model": "news.news", "pk": 3, "fields": {"title": "В Болгаре открылся новый музейный комплекс", "image": "news_images/e826d13d-776d-5228-aa1c-a0aebbd87c72.jpg", "description": "Современный музейный комплекс рассказывает об истории Волжской Булгарии", "content": "<p>В городе Болгар открылся новый музейный комплекс, посвященный истории Волжской Булгарии. Экспозиция включает в себя более 1000 уникальных артефактов, найденных во время археологических раскопок.</p><p>Особое внимание уделено интерактивным экспонатам и мультимедийным технологиям, которые делают посещение музея интересным для посетителей всех возрастов.</p>", "created_at": "2024-03-13T11:20:00Z", "created_by": 1}}, {"model": "news.news", "pk": 4, "fields": {"title": "В Альметьевске завершился международный фестиваль уличного искусства", "image": "news_images/N_6R3oUXS1s.webp", "description": "Фестиваль собрал художников из разных стран мира", "content": "<p>В Альметьевске завершился международный фестиваль уличного искусства. В течение недели художники из России, Германии, Франции и других стран создавали масштабные граффити на стенах городских зданий.</p><p>Особый интерес вызвала работа, посвященная нефтяной промышленности - одной из ключевых отраслей региона.</p>", "created_at": "2024-03-12T16:45:00Z", "created_by": 1}}, {"model": "news.news", "pk": 5, "fields": {"title": "В Чистополе открылся новый туристический центр", "image": "news_images/281_n2334134_big.jpg", "description": "Центр предлагает экскурсии по историческим местам города", "content": "<p>В Чистополе открылся новый туристический центр, который предлагает гостям города разнообразные экскурсионные программы. Особой популярностью пользуются маршруты, связанные с историей купечества и литературным наследием города.</p><p>Центр также предлагает услуги по организации индивидуальных туров и проведению мастер-классов по традиционным ремеслам.</p>", "created_at": "2024-03-11T09:15:00Z", "created_by": 1}}, {"model": "news.news", "pk": 6, "fields": {"title": "В Нижнекамске стартовал фестиваль татарской кухни", "image": "news_images/2022-10-26-otborochnye-etapy-festivalya-T-b-n-Kama-G-z-le-Batyry-04.jpg", "description": "Фестиваль знакомит гостей с традиционными блюдами татарской кухни", "content": "<p>В Нижнекамске начался фестиваль татарской кухни, который продлится целую неделю. В программе - мастер-классы по приготовлению традиционных блюд, дегустации и конкурсы.</p><p>Особое внимание уделено современной интерпретации классических рецептов и использованию местных продуктов.</p>", "created_at": "2024-03-10T14:30:00Z", "created_by": 1}}, {"model": "news.news", "pk": 7, "fields": {"title": "В Бугульме открылась выставка народного костюма", "image": "news_images/i_4.webp", "description": "Выставка демонстрирует традиционные костюмы разных районов Татарстана", "content": "<p>В Бугульме открылась масштабная выставка народного костюма. Экспозиция включает в себя более 50 традиционных костюмов из разных районов республики, а также современные интерпретации народных мотивов.</p><p>Особый интерес представляют костюмы, созданные по старинным технологиям с использованием традиционных материалов.</p>", "created_at": "2024-03-09T12:00:00Z", "created_by": 1}}, {"model": "news.news", "pk": 8, "fields": {"title": "В Зеленодольске завершился фестиваль народной музыки", "image": "news_images/i_5.webp", "description": "Фестиваль собрал исполнителей традиционной музыки со всей республики", "content": "<p>В Зеленодольске завершился фестиваль народной музыки, который собрал более 100 исполнителей из разных районов Татарстана. В программе были представлены как традиционные инструменты, так и современные интерпретации народных мелодий.</p><p>Особый интерес вызвали мастер-классы по игре на традиционных музыкальных инструментах.</p>", "created_at": "2024-03-08T18:20:00Z", "created_by": 1}}, {"model": "news.news", "pk": 9, "fields": {"title": "В Набережных Челнах открылся новый туристический маршрут", "image": "news_images/scale_1200.jpg", "description": "Маршрут знакомит с историей автомобильной промышленности города", "content": "<p>В Набережных Челнах запущен новый туристический маршрут, посвященный истории автомобильной промышленности города. В программу входит посещение музея КАМАЗа, экскурсия по заводу и знакомство с историей развития города.</p><p>Особый интерес представляет интерактивная часть экскурсии, где посетители могут попробовать себя в роли конструктора автомобиля.</p>", "created_at": "2024-03-07T10:45:00Z", "created_by": 1}}, {"model": "news.news", "pk": 10, "fields": {"title": "В Лениногорске стартовал фестиваль народных игр", "image": "news_images/i_1.webp", "description": "Фестиваль возрождает традиционные народные игры и забавы", "content": "<p>В Лениногорске начался фестиваль народных игр, который знакомит участников с традиционными забавами татарского народа. В программе - соревнования по национальным видам спорта, мастер-классы и показательные выступления.</p><p>Особый интерес вызвали соревнования по борьбе на поясах и конные состязания.</p>", "created_at": "2024-03-06T13:15:00Z", "created_by": 1}}, {"model": "places.place", "pk": 1, "fields": {"title": "Казанский Кремль", "short_description": "Исторический и архитектурный комплекс, включенный в список Всемирного наследия ЮНЕСКО", "full_description": "<p>Казанский Кремль - уникальный комплекс исторических и архитектурных памятников, расположенный в центре Казани. На его территории находятся такие знаковые объекты, как мечеть Кул-Шариф, Благовещенский собор, башня Сююмбике и другие исторические сооружения.</p><p>Кремль является символом многовековой истории Казани и Татарстана, где переплелись культуры Востока и Запада. Здесь можно увидеть как древние оборонительные сооружения, так и современные музейные экспозиции.</p>", "district": null, "settlement": 44, "created_at": "2024-03-15T10:00:00Z", "updated_at": "2025-05-03T17:45:55.213Z"}}, {"model": "places.place", "pk": 2, "fields": {"title": "Болгарский историко-архитектурный музей-заповедник", "short_description": "Древний город Волжской Булгарии, включенный в список Всемирного наследия ЮНЕСКО", "full_description": "<p>Болгарский историко-архитектурный музей-заповедник - уникальный памятник средневековой культуры Волжской Булгарии. На его территории сохранились остатки древнего города, включая мечети, мавзолеи, бани и другие сооружения XIII-XIV веков.</p><p>Особый интерес представляет Соборная мечеть, Ханский дворец и Малый минарет. В музее представлены археологические находки, рассказывающие о жизни и культуре древних булгар.</p>", "district": 37, "settlement": 37, "created_at": "2024-03-15T10:00:00Z", "updated_at": "2025-05-03T17:49:17.828Z"}}, {"model": "places.place", "pk": 3, "fields": {"title": "Остров-град Свияжск", "short_description": "Исторический город-крепость, основанный Иваном Грозным", "full_description": "<p>Свияжск - уникальный исторический город-крепость, расположенный на острове в месте слияния рек Свияги и Щуки. Основанный в 1551 году как форпост для взятия Казани, город сохранил множество памятников архитектуры XVI-XIX веков.</p><p>На территории Свияжска находятся Успенский собор и монастырь, включенные в список Всемирного наследия ЮНЕСКО, а также множество других исторических зданий и музеев.</p>", "district": 24, "settlement": null, "created_at": "2024-03-15T10:00:00Z", "updated_at": "2025-05-03T17:45:07.714Z"}}, {"model": "places.place", "pk": 4, "fields": {"title": "Раифский Богородицкий монастырь", "short_description": "Действующий мужской монастырь XVII века", "full_description": "<p>Раифский Богородицкий монастырь - один из старейших монастырей Татарстана, основанный в XVII веке. Расположен на берегу Раифского озера в окружении живописного леса.</p><p>Архитектурный ансамбль монастыря включает в себя Троицкий собор, церковь Святых Отцов в Синае и Раифе избиенных, колокольню и другие постройки. Особую ценность представляет чудотворная икона Грузинской Божией Матери.</p>", "district": 16, "settlement": null, "created_at": "2024-03-15T10:00:00Z", "updated_at": "2025-05-03T17:43:39.995Z"}}, {"model": "places.place", "pk": 5, "fields": {"title": "Дом-музей Ивана Шишкина", "short_description": "Мемориальный музей великого русского художника", "full_description": "<p>Дом-музей Ивана Шишкина в Елабуге - это мемориальный комплекс, посвященный жизни и творчеству великого русского художника. Музей расположен в доме, где прошли детские и юношеские годы Шишкина.</p><p>В экспозиции представлены личные вещи художника, его картины и рисунки, а также воссозданная обстановка купеческого дома XIX века. Особый интерес представляет мастерская художника, где он создавал свои первые работы.</p>", "district": 18, "settlement": 18, "created_at": "2024-03-15T10:00:00Z", "updated_at": "2025-05-03T17:49:02.850Z"}}, {"model": "places.placeimage", "pk": 1, "fields": {"place": 4, "image": "places/images/reffa8b3829e6-2024-07-04-07-41-46.jpg", "order": 0}}, {"model": "places.placeimage", "pk": 2, "fields": {"place": 4, "image": "places/images/31c0eb75-ff68-5e11-8fc1-e5d734db51f6.jpg", "order": 0}}, {"model": "places.placeimage", "pk": 3, "fields": {"place": 4, "image": "places/images/raifa.jpg", "order": 0}}, {"model": "places.placeimage", "pk": 4, "fields": {"place": 4, "image": "places/images/raifskij-monastyr-2601.jpg", "order": 0}}, {"model": "places.placeimage", "pk": 5, "fields": {"place": 4, "image": "places/images/XXXL.webp", "order": 0}}, {"model": "places.placeimage", "pk": 6, "fields": {"place": 3, "image": "places/images/i_6.webp", "order": 0}}, {"model": "places.placeimage", "pk": 7, "fields": {"place": 3, "image": "places/images/756231877884243.jpg", "order": 0}}, {"model": "places.placeimage", "pk": 8, "fields": {"place": 3, "image": "places/images/dfc39eee-0236-11ef-813a-16df0f84baff.1600x900.jpeg", "order": 0}}, {"model": "places.placeimage", "pk": 9, "fields": {"place": 3, "image": "places/images/i_7.webp", "order": 0}}, {"model": "places.placeimage", "pk": 10, "fields": {"place": 3, "image": "places/images/i_8.webp", "order": 0}}, {"model": "places.placeimage", "pk": 11, "fields": {"place": 1, "image": "places/images/diploma.webp", "order": 0}}, {"model": "places.placeimage", "pk": 12, "fields": {"place": 1, "image": "places/images/c7ea9e21-d96f-5ef5-acd9-2e43edcc3438.jpg", "order": 0}}, {"model": "places.placeimage", "pk": 13, "fields": {"place": 1, "image": "places/images/i_9.webp", "order": 0}}, {"model": "places.placeimage", "pk": 14, "fields": {"place": 1, "image": "places/images/i_10.webp", "order": 0}}, {"model": "places.placeimage", "pk": 16, "fields": {"place": 5, "image": "places/images/640949_main.jpg", "order": 0}}, {"model": "places.placeimage", "pk": 17, "fields": {"place": 5, "image": "places/images/QOTH_oYc37JEGfEiTOKFHPWFK2porP-zZyPXOQj215o5Id8CuNSXEok-r4wBQVPATQ42TN_jho_JsmTTTV.jpg", "order": 0}}, {"model": "places.placeimage", "pk": 18, "fields": {"place": 5, "image": "places/images/i_11.webp", "order": 0}}, {"model": "places.placeimage", "pk": 20, "fields": {"place": 2, "image": "places/images/11705-gbolgar-foto-na-suvenirnuyu-produkciyu_700606303.jpg", "order": 0}}, {"model": "places.placeimage", "pk": 21, "fields": {"place": 2, "image": "places/images/XXXL_1.webp", "order": 0}}, {"model": "places.placeimage", "pk": 22, "fields": {"place": 2, "image": "places/images/f_aW1nLmdlbGlvcGhvdG8uY29tL2JvbGdhci8wM19ib2xnYXIuanBnP19faWQ9MTQ4MDY1.jpeg", "order": 0}}, {"model": "places.placeimage", "pk": 23, "fields": {"place": 5, "image": "places/images/i_12.webp", "order": 0}}, {"model": "routers.router", "pk": 1, "fields": {"title": "Историческая Казань", "short_description": "Пешеходный маршрут по историческому центру Казани", "full_description": "<p>Этот маршрут познакомит вас с богатой историей Казани, начиная с древних времен и заканчивая современностью. Вы посетите Казанский Кремль, Старо-Татарскую слободу, Петропавловский собор и другие знаковые места города.</p><p>Маршрут включает в себя посещение музеев, исторических зданий и культурных центров. Вы узнаете о традициях и обычаях татарского народа, а также о влиянии различных культур на развитие города.</p>", "image": "routers/images/kazan_bulak.jpg", "duration": "04:00:00", "difficulty": "easy", "district": null, "settlement": 44, "created_at": "2024-03-15T10:00:00Z", "updated_at": "2025-05-03T18:22:43.666Z"}}, {"model": "routers.router", "pk": 2, "fields": {"title": "Великий Волжский путь", "short_description": "Автомобильный маршрут по историческим местам Татарстана", "full_description": "<p>Этот маршрут пролегает по древнему торговому пути вдоль реки Волги. Вы посетите Болгар, Свияжск, Раифский монастырь и другие исторические места.</p><p>Маршрут позволит вам познакомиться с богатой историей Волжской Булгарии, увидеть уникальные памятники архитектуры и природы, а также попробовать традиционную татарскую кухню в местных кафе и ресторанах.</p>", "image": "routers/images/NmSeb3LGstfdC0yPiRfOoOwE7T_blzcaouiJu7Mv_IrKO0FjNnCDZNufbneKxoXvXxkCWu1yY_uJfL4sw.jpg", "duration": "08:00:00", "difficulty": "medium", "district": null, "settlement": null, "created_at": "2024-03-15T10:00:00Z", "updated_at": "2025-05-03T18:34:22.672Z"}}, {"model": "routers.router", "pk": 3, "fields": {"title": "Елабужские просторы", "short_description": "Пешеходный маршрут по историческому центру Елабуги", "full_description": "<p>Маршрут познакомит вас с историей и культурой старинного купеческого города Елабуги. Вы посетите дом-музей Ивана Шишкина, музей-усадьбу Надежды Дуровой, Елабужское городище и другие достопримечательности.</p><p>Особый интерес представляет архитектура купеческих домов XIX века и сохранившиеся элементы городской застройки того времени. Маршрут также включает посещение местных музеев и галерей.</p>", "image": "routers/images/i_13.webp", "duration": "03:00:00", "difficulty": "easy", "district": 18, "settlement": 18, "created_at": "2024-03-15T10:00:00Z", "updated_at": "2025-05-03T18:22:29.615Z"}}, {"model": "routers.router", "pk": 4, "fields": {"title": "Природные сокровища Татарстана", "short_description": "Экологический маршрут по заповедным местам", "full_description": "<p>Этот маршрут познакомит вас с уникальной природой Татарстана. Вы посетите Волжско-Камский заповедник, Голубые озера, Раифский дендрарий и другие природные достопримечательности.</p><p>Маршрут включает в себя пешие прогулки по экологическим тропам, наблюдение за птицами и животными, а также посещение природных музеев. Вы узнаете о флоре и фауне региона, а также о мерах по охране окружающей среды.</p>", "image": "routers/images/i_14.webp", "duration": "06:00:00", "difficulty": "medium", "district": null, "settlement": null, "created_at": "2024-03-15T10:00:00Z", "updated_at": "2025-05-03T18:22:59.375Z"}}, {"model": "routers.router", "pk": 5, "fields": {"title": "Промышленный тур по Набережным Челнам", "short_description": "Экскурсия по промышленным объектам города", "full_description": "<p>Этот маршрут познакомит вас с промышленным потенциалом Набережных Челнов. Вы посетите музей КАМАЗа, сборочный цех, испытательный полигон и другие производственные объекты.</p><p>Маршрут включает в себя знакомство с историей развития автомобильной промышленности в регионе, современными технологиями производства и перспективами развития отрасли. Особый интерес представляет интерактивная часть экскурсии.</p>", "image": "routers/images/i_15.webp", "duration": "05:00:00", "difficulty": "easy", "district": null, "settlement": 45, "created_at": "2024-03-15T10:00:00Z", "updated_at": "2025-05-03T18:23:30.236Z"}}]
